purchase_id,product_id,date
1,1,2019-09-06
2,1,2019-08-14
3,1,2019-10-19
4,1,2019-09-16
5,1,2019-08-18
6,1,2019-09-30
7,1,2019-09-28
8,1,2019-08-20
9,1,2019-11-15
10,1,2019-08-30
11,1,2019-09-06
12,1,2019-08-14
13,1,2019-10-19
14,1,2019-09-16
15,1,2019-08-18
16,1,2019-09-30
17,1,2019-09-28
18,1,2019-08-20
19,1,2019-11-15
20,1,2019-08-30
21,2,2018-06-16
22,2,2018-09-24
23,2,2018-10-18
24,2,2018-11-15
25,2,2019-08-29
26,2,2018-07-09
27,2,2019-06-06
28,2,2018-04-30
29,2,2018-08-18
30,2,2018-12-06
31,2,2018-06-16
32,2,2018-09-24
33,2,2018-10-18
34,2,2018-11-15
35,2,2019-08-29
36,2,2018-07-09
37,2,2019-06-06
38,2,2018-04-30
39,2,2018-08-18
40,2,2018-12-06
41,3,2018-06-16
42,3,2018-09-24
43,3,2018-10-18
44,3,2018-11-15
45,3,2019-08-29
46,3,2018-07-09
47,3,2019-06-06
48,3,2018-04-30
49,3,2018-08-18
50,3,2018-12-06
51,3,2018-06-16
52,3,2018-09-24
53,3,2018-10-18
54,3,2018-11-15
55,3,2019-08-29
56,3,2018-07-09
57,3,2019-06-06
58,3,2018-04-30
59,3,2018-08-18
60,3,2018-12-06
61,4,2018-08-06
62,4,2019-01-30
63,4,2018-10-15
64,4,2020-01-23
65,4,2019-04-15
66,4,2018-09-04
67,4,2018-10-16
68,4,2018-08-08
69,4,2019-03-29
70,4,2018-08-28
71,4,2018-08-06
72,4,2019-01-30
73,4,2018-10-15
74,4,2020-01-23
75,4,2019-04-15
76,4,2018-09-04
77,4,2018-10-16
78,4,2018-08-08
79,4,2019-03-29
80,4,2018-08-28
81,5,2018-08-06
82,5,2019-01-30
83,5,2018-10-15
84,5,2020-01-23
85,5,2019-04-15
86,5,2018-09-04
87,5,2018-10-16
88,5,2018-08-08
89,5,2019-03-29
90,5,2018-08-28
91,5,2018-08-06
92,5,2019-01-30
93,5,2018-10-15
94,5,2020-01-23
95,5,2019-04-15
96,5,2018-09-04
97,5,2018-10-16
98,5,2018-08-08
99,5,2019-03-29
100,5,2018-08-28
101,6,2020-02-12
102,6,2019-12-21
103,6,2020-01-05
104,6,2020-01-02
105,6,2020-02-22
106,6,2020-02-21
107,6,2020-02-19
108,6,2020-01-12
109,6,2020-02-07
110,6,2020-04-17
111,6,2020-02-12
112,6,2019-12-21
113,6,2020-01-05
114,6,2020-01-02
115,6,2020-02-22
116,6,2020-02-21
117,6,2020-02-19
118,6,2020-01-12
119,6,2020-02-07
120,6,2020-04-17
121,7,2019-10-25
122,7,2019-11-02
123,7,2019-10-30
124,7,2019-10-19
125,7,2019-11-16
126,7,2019-10-01
127,7,2020-03-19
128,7,2020-02-11
129,7,2020-03-06
130,7,2020-03-24
131,7,2019-10-25
132,7,2019-11-02
133,7,2019-10-30
134,7,2019-10-19
135,7,2019-11-16
136,7,2019-10-01
137,7,2020-03-19
138,7,2020-02-11
139,7,2020-03-06
140,7,2020-03-24
141,8,2019-02-05
142,8,2018-10-12
143,8,2019-03-05
144,8,2018-08-06
145,8,2018-11-15
146,8,2019-01-09
147,8,2019-02-11
148,8,2018-08-24
149,8,2020-03-18
150,8,2019-05-27
151,8,2019-02-05
152,8,2018-10-12
153,8,2019-03-05
154,8,2018-08-06
155,8,2018-11-15
156,8,2019-01-09
157,8,2019-02-11
158,8,2018-08-24
159,8,2020-03-18
160,8,2019-05-27
161,9,2019-02-05
162,9,2018-10-12
163,9,2019-03-05
164,9,2018-08-06
165,9,2018-11-15
166,9,2019-01-09
167,9,2019-02-11
168,9,2018-08-24
169,9,2020-03-18
170,9,2019-05-27
171,9,2019-02-05
172,9,2018-10-12
173,9,2019-03-05
174,9,2018-08-06
175,9,2018-11-15
176,9,2019-01-09
177,9,2019-02-11
178,9,2018-08-24
179,9,2020-03-18
180,9,2019-05-27
181,10,2019-06-19
182,10,2019-07-23
183,10,2019-06-23
184,10,2019-06-22
185,10,2020-06-13
186,10,2019-04-29
187,10,2019-04-10
188,10,2019-04-21
189,10,2019-09-14
190,10,2019-06-10
191,10,2019-06-19
192,10,2019-07-23
193,10,2019-06-23
194,10,2019-06-22
195,10,2020-06-13
196,10,2019-04-29
197,10,2019-04-10
198,10,2019-04-21
199,10,2019-09-14
200,10,2019-06-10
201,11,2019-08-23
202,11,2018-03-27
203,11,2018-09-01
204,11,2020-08-30
205,11,2020-07-17
206,11,2020-05-18
207,11,2020-07-11
208,11,2020-06-01
209,11,2020-06-16
210,11,2020-06-04
211,11,2019-08-23
212,11,2018-03-27
213,11,2018-09-01
214,11,2020-08-30
215,11,2020-07-17
216,11,2020-05-18
217,11,2020-07-11
218,11,2020-06-01
219,11,2020-06-16
220,11,2020-06-04
221,12,2018-10-25
222,12,2018-10-05
223,12,2019-02-02
224,12,2019-05-31
225,12,2019-10-18
226,12,2019-03-28
227,12,2017-06-02
228,12,2018-05-18
229,12,2020-03-04
230,12,2019-10-03
231,12,2018-10-25
232,12,2018-10-05
233,12,2019-02-02
234,12,2019-05-31
235,12,2019-10-18
236,12,2019-03-28
237,12,2017-06-02
238,12,2018-05-18
239,12,2020-03-04
240,12,2019-10-03
241,13,2019-03-11
242,13,2019-02-02
243,13,2020-05-14
244,13,2018-11-01
245,13,2020-08-04
246,13,2017-10-18
247,13,2019-06-30
248,13,2020-08-26
249,13,2019-10-29
250,13,2020-05-19
251,13,2019-03-11
252,13,2019-02-02
253,13,2020-05-14
254,13,2018-11-01
255,13,2020-08-04
256,13,2017-10-18
257,13,2019-06-30
258,13,2020-08-26
259,13,2019-10-29
260,13,2020-05-19
261,14,2020-08-06
262,14,2020-08-31
263,14,2020-08-13
264,14,2020-08-25
265,14,2020-07-24
266,14,2020-08-29
267,14,2020-09-12
268,14,2020-10-04
269,14,2020-09-08
270,14,2020-08-24
271,14,2020-08-06
272,14,2020-08-31
273,14,2020-08-13
274,14,2020-08-25
275,14,2020-07-24
276,14,2020-08-29
277,14,2020-09-12
278,14,2020-10-04
279,14,2020-09-08
280,14,2020-08-24
281,15,2019-03-30
282,15,2017-10-29
283,15,2017-12-17
284,15,2020-06-08
285,15,2019-09-18
286,15,2019-08-04
287,15,2017-06-29
288,15,2019-09-27
289,15,2017-06-27
290,15,2018-03-19
291,15,2019-03-30
292,15,2017-10-29
293,15,2017-12-17
294,15,2020-06-08
295,15,2019-09-18
296,15,2019-08-04
297,15,2017-06-29
298,15,2019-09-27
299,15,2017-06-27
300,15,2018-03-19
301,16,2017-07-25
302,16,2018-09-12
303,16,2018-10-20
304,16,2016-02-22
305,16,2018-10-29
306,16,2019-08-20
307,16,2017-12-08
308,16,2017-05-30
309,16,2020-02-06
310,16,2018-04-29
311,16,2017-07-25
312,16,2018-09-12
313,16,2018-10-20
314,16,2016-02-22
315,16,2018-10-29
316,16,2019-08-20
317,16,2017-12-08
318,16,2017-05-30
319,16,2020-02-06
320,16,2018-04-29
321,17,2017-07-25
322,17,2018-09-12
323,17,2018-10-20
324,17,2016-02-22
325,17,2018-10-29
326,17,2019-08-20
327,17,2017-12-08
328,17,2017-05-30
329,17,2020-02-06
330,17,2018-04-29
331,17,2017-07-25
332,17,2018-09-12
333,17,2018-10-20
334,17,2016-02-22
335,17,2018-10-29
336,17,2019-08-20
337,17,2017-12-08
338,17,2017-05-30
339,17,2020-02-06
340,17,2018-04-29
341,18,2019-03-28
342,18,2019-07-02
343,18,2019-02-09
344,18,2019-07-18
345,18,2019-03-14
346,18,2019-11-11
347,18,2018-12-17
348,18,2020-02-20
349,18,2020-03-17
350,18,2020-05-23
351,18,2019-03-28
352,18,2019-07-02
353,18,2019-02-09
354,18,2019-07-18
355,18,2019-03-14
356,18,2019-11-11
357,18,2018-12-17
358,18,2020-02-20
359,18,2020-03-17
360,18,2020-05-23
361,19,2019-05-09
362,19,2018-01-24
363,19,2017-09-23
364,19,2017-06-02
365,19,2018-11-13
366,19,2017-07-13
367,19,2017-05-31
368,19,2019-03-25
369,19,2017-10-23
370,19,2018-11-02
371,19,2019-05-09
372,19,2018-01-24
373,19,2017-09-23
374,19,2017-06-02
375,19,2018-11-13
376,19,2017-07-13
377,19,2017-05-31
378,19,2019-03-25
379,19,2017-10-23
380,19,2018-11-02
381,20,2020-09-06
382,20,2020-08-23
383,20,2020-08-17
384,20,2020-08-23
385,20,2020-08-20
386,20,2020-09-14
387,20,2020-08-26
388,20,2020-09-06
389,20,2020-09-01
390,20,2020-09-17
391,20,2020-09-06
392,20,2020-08-23
393,20,2020-08-17
394,20,2020-08-23
395,20,2020-08-20
396,20,2020-09-14
397,20,2020-08-26
398,20,2020-09-06
399,20,2020-09-01
400,20,2020-09-17
401,21,2019-11-17
402,21,2019-07-11
403,21,2020-06-30
404,21,2020-01-19
405,21,2020-07-18
406,21,2020-07-31
407,21,2020-09-28
408,21,2020-07-30
409,21,2020-03-06
410,21,2020-09-04
411,21,2019-11-17
412,21,2019-07-11
413,21,2020-06-30
414,21,2020-01-19
415,21,2020-07-18
416,21,2020-07-31
417,21,2020-09-28
418,21,2020-07-30
419,21,2020-03-06
420,21,2020-09-04
421,22,2018-07-18
422,22,2019-01-13
423,22,2016-12-07
424,22,2019-05-11
425,22,2019-08-26
426,22,2018-07-09
427,22,2019-10-06
428,22,2017-07-15
429,22,2018-10-22
430,22,2018-12-24
431,22,2018-07-18
432,22,2019-01-13
433,22,2016-12-07
434,22,2019-05-11
435,22,2019-08-26
436,22,2018-07-09
437,22,2019-10-06
438,22,2017-07-15
439,22,2018-10-22
440,22,2018-12-24
441,23,2018-08-11
442,23,2018-07-14
443,23,2018-07-11
444,23,2019-07-03
445,23,2019-10-18
446,23,2018-09-22
447,23,2018-11-09
448,23,2019-08-14
449,23,2020-03-22
450,23,2019-10-02
451,23,2018-08-11
452,23,2018-07-14
453,23,2018-07-11
454,23,2019-07-03
455,23,2019-10-18
456,23,2018-09-22
457,23,2018-11-09
458,23,2019-08-14
459,23,2020-03-22
460,23,2019-10-02
461,24,2019-01-21
462,24,2018-10-18
463,24,2019-06-26
464,24,2017-08-15
465,24,2019-06-09
466,24,2019-10-06
467,24,2018-11-01
468,24,2018-06-14
469,24,2018-07-08
470,24,2019-06-08
471,24,2019-01-21
472,24,2018-10-18
473,24,2019-06-26
474,24,2017-08-15
475,24,2019-06-09
476,24,2019-10-06
477,24,2018-11-01
478,24,2018-06-14
479,24,2018-07-08
480,24,2019-06-08
481,25,2019-02-13
482,25,2019-05-08
483,25,2018-11-19
484,25,2019-06-21
485,25,2018-10-29
486,25,2019-09-30
487,25,2019-10-30
488,25,2019-10-28
489,25,2019-08-11
490,25,2019-07-29
491,25,2019-02-13
492,25,2019-05-08
493,25,2018-11-19
494,25,2019-06-21
495,25,2018-10-29
496,25,2019-09-30
497,25,2019-10-30
498,25,2019-10-28
499,25,2019-08-11
500,25,2019-07-29
501,26,2018-04-06
502,26,2018-10-25
503,26,2018-01-25
504,26,2018-10-22
505,26,2018-11-06
506,26,2020-06-09
507,26,2018-07-23
508,26,2018-07-22
509,26,2019-03-10
510,26,2019-05-31
511,26,2018-04-06
512,26,2018-10-25
513,26,2018-01-25
514,26,2018-10-22
515,26,2018-11-06
516,26,2020-06-09
517,26,2018-07-23
518,26,2018-07-22
519,26,2019-03-10
520,26,2019-05-31
521,27,2018-04-06
522,27,2018-10-25
523,27,2018-01-25
524,27,2018-10-22
525,27,2018-11-06
526,27,2020-06-09
527,27,2018-07-23
528,27,2018-07-22
529,27,2019-03-10
530,27,2019-05-31
531,27,2018-04-06
532,27,2018-10-25
533,27,2018-01-25
534,27,2018-10-22
535,27,2018-11-06
536,27,2020-06-09
537,27,2018-07-23
538,27,2018-07-22
539,27,2019-03-10
540,27,2019-05-31
541,28,2018-06-09
542,28,2018-10-15
543,28,2017-11-06
544,28,2018-10-15
545,28,2016-03-23
546,28,2019-08-24
547,28,2019-12-16
548,28,2018-11-08
549,28,2019-03-21
550,28,2017-10-23
551,28,2018-06-09
552,28,2018-10-15
553,28,2017-11-06
554,28,2018-10-15
555,28,2016-03-23
556,28,2019-08-24
557,28,2019-12-16
558,28,2018-11-08
559,28,2019-03-21
560,28,2017-10-23
561,29,2018-11-29
562,29,2018-02-21
563,29,2019-10-23
564,29,2019-05-06
565,29,2019-10-06
566,29,2020-09-08
567,29,2019-07-06
568,29,2019-10-30
569,29,2019-10-04
570,29,2020-07-26
571,29,2018-11-29
572,29,2018-02-21
573,29,2019-10-23
574,29,2019-05-06
575,29,2019-10-06
576,29,2020-09-08
577,29,2019-07-06
578,29,2019-10-30
579,29,2019-10-04
580,29,2020-07-26
581,30,2019-05-11
582,30,2019-08-21
583,30,2018-08-20
584,30,2017-10-09
585,30,2015-12-06
586,30,2015-05-12
587,30,2019-10-31
588,30,2019-08-12
589,30,2018-12-01
590,30,2018-10-27
591,30,2019-05-11
592,30,2019-08-21
593,30,2018-08-20
594,30,2017-10-09
595,30,2015-12-06
596,30,2015-05-12
597,30,2019-10-31
598,30,2019-08-12
599,30,2018-12-01
600,30,2018-10-27
601,31,2018-11-26
602,31,2019-11-11
603,31,2020-07-07
604,31,2020-07-02
605,31,2020-04-30
606,31,2019-08-22
607,31,2019-08-13
608,31,2019-04-29
609,31,2020-07-08
610,31,2018-11-04
611,31,2018-11-26
612,31,2019-11-11
613,31,2020-07-07
614,31,2020-07-02
615,31,2020-04-30
616,31,2019-08-22
617,31,2019-08-13
618,31,2019-04-29
619,31,2020-07-08
620,31,2018-11-04
621,32,2018-06-11
622,32,2018-04-13
623,32,2019-09-15
624,32,2019-06-29
625,32,2019-05-10
626,32,2018-04-23
627,32,2019-04-12
628,32,2020-06-09
629,32,2018-04-29
630,32,2020-05-28
631,32,2018-06-11
632,32,2018-04-13
633,32,2019-09-15
634,32,2019-06-29
635,32,2019-05-10
636,32,2018-04-23
637,32,2019-04-12
638,32,2020-06-09
639,32,2018-04-29
640,32,2020-05-28
641,33,2020-07-19
642,33,2020-07-16
643,33,2020-07-31
644,33,2020-07-19
645,33,2020-07-16
646,33,2020-07-31
647,34,2020-03-08
648,34,2020-02-27
649,34,2020-01-15
650,34,2020-05-09
651,34,2020-05-06
652,34,2020-06-26
653,34,2020-09-03
654,34,2020-07-25
655,34,2020-08-18
656,34,2020-05-08
657,34,2020-03-08
658,34,2020-02-27
659,34,2020-01-15
660,34,2020-05-09
661,34,2020-05-06
662,34,2020-06-26
663,34,2020-09-03
664,34,2020-07-25
665,34,2020-08-18
666,34,2020-05-08
667,35,2020-03-06
668,35,2020-08-14
669,35,2019-08-12
670,35,2019-06-19
671,35,2019-08-29
672,35,2019-08-23
673,35,2020-07-18
674,35,2020-09-04
675,35,2019-07-03
676,35,2020-08-12
677,35,2020-03-06
678,35,2020-08-14
679,35,2019-08-12
680,35,2019-06-19
681,35,2019-08-29
682,35,2019-08-23
683,35,2020-07-18
684,35,2020-09-04
685,35,2019-07-03
686,35,2020-08-12
687,36,2020-07-11
688,36,2020-10-04
689,36,2020-06-05
690,36,2020-07-17
691,36,2020-05-11
692,36,2020-02-08
693,36,2020-08-17
694,36,2020-07-20
695,36,2020-06-06
696,36,2020-01-27
697,36,2020-07-11
698,36,2020-10-04
699,36,2020-06-05
700,36,2020-07-17
701,36,2020-05-11
702,36,2020-02-08
703,36,2020-08-17
704,36,2020-07-20
705,36,2020-06-06
706,36,2020-01-27
707,37,2018-11-02
708,37,2019-01-16
709,37,2017-11-29
710,37,2019-09-13
711,37,2019-06-09
712,37,2019-05-30
713,37,2018-03-15
714,37,2018-10-11
715,37,2018-09-18
716,37,2019-09-30
717,37,2018-11-02
718,37,2019-01-16
719,37,2017-11-29
720,37,2019-09-13
721,37,2019-06-09
722,37,2019-05-30
723,37,2018-03-15
724,37,2018-10-11
725,37,2018-09-18
726,37,2019-09-30
727,38,2020-06-02
728,38,2019-07-12
729,38,2020-05-17
730,38,2020-05-15
731,38,2019-03-28
732,38,2020-05-17
733,38,2020-06-12
734,38,2019-07-02
735,38,2020-05-28
736,38,2020-06-14
737,38,2020-06-02
738,38,2019-07-12
739,38,2020-05-17
740,38,2020-05-15
741,38,2019-03-28
742,38,2020-05-17
743,38,2020-06-12
744,38,2019-07-02
745,38,2020-05-28
746,38,2020-06-14
747,39,2019-11-13
748,39,2019-12-04
749,39,2020-08-28
750,39,2019-12-16
751,39,2020-09-22
752,39,2020-09-08
753,39,2020-09-14
754,39,2019-12-31
755,39,2019-12-23
756,39,2020-01-22
757,39,2019-11-13
758,39,2019-12-04
759,39,2020-08-28
760,39,2019-12-16
761,39,2020-09-22
762,39,2020-09-08
763,39,2020-09-14
764,39,2019-12-31
765,39,2019-12-23
766,39,2020-01-22
767,40,2019-10-05
768,40,2019-01-08
769,40,2018-09-08
770,40,2020-06-20
771,40,2019-10-09
772,40,2018-03-07
773,40,2020-09-03
774,40,2019-07-19
775,40,2019-09-03
776,40,2020-06-28
777,40,2019-10-05
778,40,2019-01-08
779,40,2018-09-08
780,40,2020-06-20
781,40,2019-10-09
782,40,2018-03-07
783,40,2020-09-03
784,40,2019-07-19
785,40,2019-09-03
786,40,2020-06-28
787,41,2020-08-26
788,41,2020-09-24
789,41,2020-08-26
790,41,2020-09-24
791,42,2020-01-12
792,42,2020-06-02
793,42,2020-01-27
794,42,2020-06-24
795,42,2019-10-21
796,42,2020-06-21
797,42,2020-05-30
798,42,2020-07-19
799,42,2020-07-16
800,42,2020-09-06
801,42,2020-01-12
802,42,2020-06-02
803,42,2020-01-27
804,42,2020-06-24
805,42,2019-10-21
806,42,2020-06-21
807,42,2020-05-30
808,42,2020-07-19
809,42,2020-07-16
810,42,2020-09-06
811,43,2020-01-02
812,43,2020-01-04
813,43,2020-01-01
814,43,2020-07-09
815,43,2020-01-24
816,43,2020-01-30
817,43,2020-06-26
818,43,2020-01-28
819,43,2020-01-25
820,43,2020-01-08
821,43,2020-01-02
822,43,2020-01-04
823,43,2020-01-01
824,43,2020-07-09
825,43,2020-01-24
826,43,2020-01-30
827,43,2020-06-26
828,43,2020-01-28
829,43,2020-01-25
830,43,2020-01-08
831,44,2019-07-19
832,44,2018-06-03
833,44,2018-03-24
834,44,2019-10-09
835,44,2019-05-29
836,44,2018-03-07
837,44,2020-03-02
838,44,2019-06-29
839,44,2020-10-05
840,44,2019-01-29
841,44,2019-07-19
842,44,2018-06-03
843,44,2018-03-24
844,44,2019-10-09
845,44,2019-05-29
846,44,2018-03-07
847,44,2020-03-02
848,44,2019-06-29
849,44,2020-10-05
850,44,2019-01-29
851,45,2020-03-03
852,45,2019-01-13
853,45,2018-11-14
854,45,2020-09-30
855,45,2020-09-11
856,45,2019-11-11
857,45,2020-09-22
858,45,2018-10-21
859,45,2019-07-14
860,45,2019-08-20
861,45,2020-03-03
862,45,2019-01-13
863,45,2018-11-14
864,45,2020-09-30
865,45,2020-09-11
866,45,2019-11-11
867,45,2020-09-22
868,45,2018-10-21
869,45,2019-07-14
870,45,2019-08-20
871,46,2020-02-07
872,46,2019-08-03
873,46,2019-10-17
874,46,2020-07-20
875,46,2020-08-24
876,46,2020-08-26
877,46,2020-07-20
878,46,2020-03-09
879,46,2020-01-13
880,46,2018-11-10
881,46,2020-02-07
882,46,2019-08-03
883,46,2019-10-17
884,46,2020-07-20
885,46,2020-08-24
886,46,2020-08-26
887,46,2020-07-20
888,46,2020-03-09
889,46,2020-01-13
890,46,2018-11-10
891,47,2020-06-15
892,47,2020-10-01
893,47,2020-09-30
894,47,2020-09-14
895,47,2020-08-10
896,47,2020-07-21
897,47,2020-07-13
898,47,2020-07-10
899,47,2020-09-24
900,47,2020-08-07
901,47,2020-06-15
902,47,2020-10-01
903,47,2020-09-30
904,47,2020-09-14
905,47,2020-08-10
906,47,2020-07-21
907,47,2020-07-13
908,47,2020-07-10
909,47,2020-09-24
910,47,2020-08-07
911,48,2018-08-17
912,48,2019-05-30
913,48,2018-12-29
914,48,2020-02-29
915,48,2019-08-19
916,48,2019-10-14
917,48,2020-06-29
918,48,2020-06-29
919,48,2020-08-13
920,48,2019-01-25
921,48,2018-08-17
922,48,2019-05-30
923,48,2018-12-29
924,48,2020-02-29
925,48,2019-08-19
926,48,2019-10-14
927,48,2020-06-29
928,48,2020-06-29
929,48,2020-08-13
930,48,2019-01-25
931,49,2018-11-21
932,49,2019-03-24
933,49,2019-03-27
934,49,2018-11-06
935,49,2019-02-02
936,49,2019-07-03
937,49,2018-06-12
938,49,2018-04-22
939,49,2019-04-02
940,49,2017-08-13
941,49,2018-11-21
942,49,2019-03-24
943,49,2019-03-27
944,49,2018-11-06
945,49,2019-02-02
946,49,2019-07-03
947,49,2018-06-12
948,49,2018-04-22
949,49,2019-04-02
950,49,2017-08-13
951,50,2019-10-09
952,50,2020-07-22
953,50,2019-07-31
954,50,2019-10-06
955,50,2020-03-24
956,50,2020-01-29
957,50,2020-08-09
958,50,2020-08-01
959,50,2020-08-13
960,50,2020-06-04
961,50,2019-10-09
962,50,2020-07-22
963,50,2019-07-31
964,50,2019-10-06
965,50,2020-03-24
966,50,2020-01-29
967,50,2020-08-09
968,50,2020-08-01
969,50,2020-08-13
970,50,2020-06-04
971,51,2020-09-12
972,51,2020-06-15
973,51,2020-08-09
974,51,2020-05-09
975,51,2020-09-12
976,51,2020-09-20
977,51,2020-08-15
978,51,2020-10-01
979,51,2020-07-17
980,51,2020-07-18
981,51,2020-09-12
982,51,2020-06-15
983,51,2020-08-09
984,51,2020-05-09
985,51,2020-09-12
986,51,2020-09-20
987,51,2020-08-15
988,51,2020-10-01
989,51,2020-07-17
990,51,2020-07-18
991,52,2018-12-15
992,52,2017-01-11
993,52,2019-03-27
994,52,2017-08-18
995,52,2019-03-04
996,52,2017-12-03
997,52,2020-05-09
998,52,2016-10-01
999,52,2019-04-03
1000,52,2017-07-24
1001,52,2018-12-15
1002,52,2017-01-11
1003,52,2019-03-27
1004,52,2017-08-18
1005,52,2019-03-04
1006,52,2017-12-03
1007,52,2020-05-09
1008,52,2016-10-01
1009,52,2019-04-03
1010,52,2017-07-24
1011,53,2018-12-15
1012,53,2017-01-11
1013,53,2019-03-27
1014,53,2017-08-18
1015,53,2019-03-04
1016,53,2017-12-03
1017,53,2020-05-09
1018,53,2016-10-01
1019,53,2019-04-03
1020,53,2017-07-24
1021,53,2018-12-15
1022,53,2017-01-11
1023,53,2019-03-27
1024,53,2017-08-18
1025,53,2019-03-04
1026,53,2017-12-03
1027,53,2020-05-09
1028,53,2016-10-01
1029,53,2019-04-03
1030,53,2017-07-24
1031,54,2020-09-24
1032,54,2020-09-24
1033,55,2020-09-07
1034,55,2020-09-06
1035,55,2020-07-21
1036,55,2020-07-10
1037,55,2020-10-03
1038,55,2020-09-07
1039,55,2020-09-06
1040,55,2020-07-21
1041,55,2020-07-10
1042,55,2020-10-03
1043,56,2019-05-01
1044,56,2018-06-28
1045,56,2018-10-29
1046,56,2020-07-28
1047,56,2018-10-16
1048,56,2018-08-29
1049,56,2018-03-27
1050,56,2018-10-06
1051,56,2020-09-02
1052,56,2019-01-17
1053,56,2019-05-01
1054,56,2018-06-28
1055,56,2018-10-29
1056,56,2020-07-28
1057,56,2018-10-16
1058,56,2018-08-29
1059,56,2018-03-27
1060,56,2018-10-06
1061,56,2020-09-02
1062,56,2019-01-17
1063,57,2018-12-18
1064,57,2019-01-22
1065,57,2018-05-12
1066,57,2017-08-04
1067,57,2020-07-15
1068,57,2019-08-13
1069,57,2017-06-05
1070,57,2017-06-14
1071,57,2017-11-21
1072,57,2017-07-30
1073,57,2018-12-18
1074,57,2019-01-22
1075,57,2018-05-12
1076,57,2017-08-04
1077,57,2020-07-15
1078,57,2019-08-13
1079,57,2017-06-05
1080,57,2017-06-14
1081,57,2017-11-21
1082,57,2017-07-30
1083,58,2018-12-18
1084,58,2019-01-22
1085,58,2018-05-12
1086,58,2017-08-04
1087,58,2020-07-15
1088,58,2019-08-13
1089,58,2017-06-05
1090,58,2017-06-14
1091,58,2017-11-21
1092,58,2017-07-30
1093,58,2018-12-18
1094,58,2019-01-22
1095,58,2018-05-12
1096,58,2017-08-04
1097,58,2020-07-15
1098,58,2019-08-13
1099,58,2017-06-05
1100,58,2017-06-14
1101,58,2017-11-21
1102,58,2017-07-30
1103,59,2018-06-11
1104,59,2019-02-20
1105,59,2017-08-15
1106,59,2018-07-12
1107,59,2020-06-18
1108,59,2019-04-19
1109,59,2019-10-19
1110,59,2020-02-22
1111,59,2020-06-17
1112,59,2019-05-02
1113,59,2018-06-11
1114,59,2019-02-20
1115,59,2017-08-15
1116,59,2018-07-12
1117,59,2020-06-18
1118,59,2019-04-19
1119,59,2019-10-19
1120,59,2020-02-22
1121,59,2020-06-17
1122,59,2019-05-02
1123,60,2020-06-05
1124,60,2020-07-22
1125,60,2019-11-27
1126,60,2020-07-19
1127,60,2020-06-11
1128,60,2020-06-02
1129,60,2020-08-09
1130,60,2020-08-24
1131,60,2020-08-05
1132,60,2020-05-18
1133,60,2020-06-05
1134,60,2020-07-22
1135,60,2019-11-27
1136,60,2020-07-19
1137,60,2020-06-11
1138,60,2020-06-02
1139,60,2020-08-09
1140,60,2020-08-24
1141,60,2020-08-05
1142,60,2020-05-18
1143,61,2020-06-05
1144,61,2020-07-22
1145,61,2019-11-27
1146,61,2020-07-19
1147,61,2020-06-11
1148,61,2020-06-02
1149,61,2020-08-09
1150,61,2020-08-24
1151,61,2020-08-05
1152,61,2020-05-18
1153,61,2020-06-05
1154,61,2020-07-22
1155,61,2019-11-27
1156,61,2020-07-19
1157,61,2020-06-11
1158,61,2020-06-02
1159,61,2020-08-09
1160,61,2020-08-24
1161,61,2020-08-05
1162,61,2020-05-18
1163,62,2018-08-04
1164,62,2018-11-08
1165,62,2018-12-14
1166,62,2018-12-12
1167,62,2018-11-23
1168,62,2018-10-31
1169,62,2018-05-18
1170,62,2019-02-23
1171,62,2020-04-04
1172,62,2019-08-07
1173,62,2018-08-04
1174,62,2018-11-08
1175,62,2018-12-14
1176,62,2018-12-12
1177,62,2018-11-23
1178,62,2018-10-31
1179,62,2018-05-18
1180,62,2019-02-23
1181,62,2020-04-04
1182,62,2019-08-07
1183,63,2018-08-04
1184,63,2018-11-08
1185,63,2018-12-14
1186,63,2018-12-12
1187,63,2018-11-23
1188,63,2018-10-31
1189,63,2018-05-18
1190,63,2019-02-23
1191,63,2020-04-04
1192,63,2019-08-07
1193,63,2018-08-04
1194,63,2018-11-08
1195,63,2018-12-14
1196,63,2018-12-12
1197,63,2018-11-23
1198,63,2018-10-31
1199,63,2018-05-18
1200,63,2019-02-23
1201,63,2020-04-04
1202,63,2019-08-07
1203,64,2019-11-26
1204,64,2019-12-19
1205,64,2019-12-18
1206,64,2020-08-11
1207,64,2020-08-03
1208,64,2020-07-26
1209,64,2020-08-21
1210,64,2020-07-25
1211,64,2019-12-22
1212,64,2020-07-29
1213,64,2019-11-26
1214,64,2019-12-19
1215,64,2019-12-18
1216,64,2020-08-11
1217,64,2020-08-03
1218,64,2020-07-26
1219,64,2020-08-21
1220,64,2020-07-25
1221,64,2019-12-22
1222,64,2020-07-29
1223,65,2020-08-01
1224,65,2020-08-04
1225,65,2020-07-29
1226,65,2020-08-28
1227,65,2020-08-09
1228,65,2020-08-26
1229,65,2020-08-12
1230,65,2020-10-02
1231,65,2020-08-28
1232,65,2020-09-13
1233,65,2020-08-01
1234,65,2020-08-04
1235,65,2020-07-29
1236,65,2020-08-28
1237,65,2020-08-09
1238,65,2020-08-26
1239,65,2020-08-12
1240,65,2020-10-02
1241,65,2020-08-28
1242,65,2020-09-13
1243,66,2019-05-18
1244,66,2018-07-23
1245,66,2019-09-02
1246,66,2018-10-23
1247,66,2020-06-21
1248,66,2020-08-09
1249,66,2019-04-10
1250,66,2020-08-13
1251,66,2019-09-26
1252,66,2019-05-26
1253,66,2019-05-18
1254,66,2018-07-23
1255,66,2019-09-02
1256,66,2018-10-23
1257,66,2020-06-21
1258,66,2020-08-09
1259,66,2019-04-10
1260,66,2020-08-13
1261,66,2019-09-26
1262,66,2019-05-26
1263,67,2020-05-18
1264,67,2020-05-21
1265,67,2020-08-13
1266,67,2020-08-03
1267,67,2020-07-22
1268,67,2020-06-16
1269,67,2020-08-23
1270,67,2020-10-04
1271,67,2020-05-18
1272,67,2020-09-29
1273,67,2020-05-18
1274,67,2020-05-21
1275,67,2020-08-13
1276,67,2020-08-03
1277,67,2020-07-22
1278,67,2020-06-16
1279,67,2020-08-23
1280,67,2020-10-04
1281,67,2020-05-18
1282,67,2020-09-29
1283,68,2019-05-26
1284,68,2019-11-11
1285,68,2018-05-11
1286,68,2020-05-14
1287,68,2018-02-06
1288,68,2020-09-05
1289,68,2020-07-24
1290,68,2020-02-22
1291,68,2018-07-25
1292,68,2020-06-22
1293,68,2019-05-26
1294,68,2019-11-11
1295,68,2018-05-11
1296,68,2020-05-14
1297,68,2018-02-06
1298,68,2020-09-05
1299,68,2020-07-24
1300,68,2020-02-22
1301,68,2018-07-25
1302,68,2020-06-22
1303,69,2020-06-17
1304,69,2020-04-18
1305,69,2020-07-30
1306,69,2020-08-16
1307,69,2020-02-27
1308,69,2020-08-25
1309,69,2020-07-30
1310,69,2020-08-09
1311,69,2020-09-01
1312,69,2020-07-19
1313,69,2020-06-17
1314,69,2020-04-18
1315,69,2020-07-30
1316,69,2020-08-16
1317,69,2020-02-27
1318,69,2020-08-25
1319,69,2020-07-30
1320,69,2020-08-09
1321,69,2020-09-01
1322,69,2020-07-19
1323,70,2019-05-10
1324,70,2019-06-08
1325,70,2019-05-26
1326,70,2019-10-02
1327,70,2020-05-24
1328,70,2020-09-24
1329,70,2019-06-02
1330,70,2019-07-25
1331,70,2019-09-09
1332,70,2019-09-03
1333,70,2019-05-10
1334,70,2019-06-08
1335,70,2019-05-26
1336,70,2019-10-02
1337,70,2020-05-24
1338,70,2020-09-24
1339,70,2019-06-02
1340,70,2019-07-25
1341,70,2019-09-09
1342,70,2019-09-03
1343,71,2020-08-04
1344,71,2020-07-04
1345,71,2020-09-01
1346,71,2020-08-09
1347,71,2020-08-27
1348,71,2020-09-07
1349,71,2020-10-03
1350,71,2020-10-05
1351,71,2020-08-02
1352,71,2020-09-16
1353,71,2020-08-04
1354,71,2020-07-04
1355,71,2020-09-01
1356,71,2020-08-09
1357,71,2020-08-27
1358,71,2020-09-07
1359,71,2020-10-03
1360,71,2020-10-05
1361,71,2020-08-02
1362,71,2020-09-16
1363,72,2017-12-18
1364,72,2019-04-29
1365,72,2017-07-12
1366,72,2019-03-04
1367,72,2019-06-27
1368,72,2019-10-06
1369,72,2018-05-03
1370,72,2018-07-15
1371,72,2019-12-03
1372,72,2020-07-11
1373,72,2017-12-18
1374,72,2019-04-29
1375,72,2017-07-12
1376,72,2019-03-04
1377,72,2019-06-27
1378,72,2019-10-06
1379,72,2018-05-03
1380,72,2018-07-15
1381,72,2019-12-03
1382,72,2020-07-11
1383,73,2017-12-18
1384,73,2019-04-29
1385,73,2017-07-12
1386,73,2019-03-04
1387,73,2019-06-27
1388,73,2019-10-06
1389,73,2018-05-03
1390,73,2018-07-15
1391,73,2019-12-03
1392,73,2020-07-11
1393,73,2017-12-18
1394,73,2019-04-29
1395,73,2017-07-12
1396,73,2019-03-04
1397,73,2019-06-27
1398,73,2019-10-06
1399,73,2018-05-03
1400,73,2018-07-15
1401,73,2019-12-03
1402,73,2020-07-11
1403,74,2020-01-23
1404,74,2020-07-28
1405,74,2020-08-24
1406,74,2020-03-01
1407,74,2020-08-15
1408,74,2020-06-21
1409,74,2020-06-21
1410,74,2020-05-28
1411,74,2020-02-25
1412,74,2020-07-21
1413,74,2020-01-23
1414,74,2020-07-28
1415,74,2020-08-24
1416,74,2020-03-01
1417,74,2020-08-15
1418,74,2020-06-21
1419,74,2020-06-21
1420,74,2020-05-28
1421,74,2020-02-25
1422,74,2020-07-21
1423,75,2018-07-19
1424,75,2018-10-30
1425,75,2019-10-28
1426,75,2017-08-22
1427,75,2019-10-05
1428,75,2019-03-14
1429,75,2019-03-11
1430,75,2017-05-10
1431,75,2019-07-19
1432,75,2019-09-16
1433,75,2018-07-19
1434,75,2018-10-30
1435,75,2019-10-28
1436,75,2017-08-22
1437,75,2019-10-05
1438,75,2019-03-14
1439,75,2019-03-11
1440,75,2017-05-10
1441,75,2019-07-19
1442,75,2019-09-16
1443,76,2019-05-06
1444,76,2019-04-22
1445,76,2019-07-24
1446,76,2020-09-18
1447,76,2019-12-04
1448,76,2019-05-08
1449,76,2019-05-14
1450,76,2019-07-19
1451,76,2019-05-05
1452,76,2019-06-07
1453,76,2019-05-06
1454,76,2019-04-22
1455,76,2019-07-24
1456,76,2020-09-18
1457,76,2019-12-04
1458,76,2019-05-08
1459,76,2019-05-14
1460,76,2019-07-19
1461,76,2019-05-05
1462,76,2019-06-07
1463,77,2019-10-02
1464,77,2019-07-03
1465,77,2020-10-03
1466,77,2019-05-11
1467,77,2018-02-25
1468,77,2020-08-16
1469,77,2020-06-09
1470,77,2020-01-04
1471,77,2019-09-04
1472,77,2020-04-20
1473,77,2019-10-02
1474,77,2019-07-03
1475,77,2020-10-03
1476,77,2019-05-11
1477,77,2018-02-25
1478,77,2020-08-16
1479,77,2020-06-09
1480,77,2020-01-04
1481,77,2019-09-04
1482,77,2020-04-20
1483,78,2020-06-19
1484,78,2020-05-12
1485,78,2020-08-03
1486,78,2020-06-18
1487,78,2020-09-04
1488,78,2020-08-12
1489,78,2020-08-02
1490,78,2020-08-12
1491,78,2020-08-11
1492,78,2020-06-25
1493,78,2020-06-19
1494,78,2020-05-12
1495,78,2020-08-03
1496,78,2020-06-18
1497,78,2020-09-04
1498,78,2020-08-12
1499,78,2020-08-02
1500,78,2020-08-12
1501,78,2020-08-11
1502,78,2020-06-25
1503,79,2017-09-30
1504,79,2019-08-21
1505,79,2020-09-10
1506,79,2019-03-04
1507,79,2020-06-09
1508,79,2020-06-04
1509,79,2020-09-20
1510,79,2020-07-11
1511,79,2019-11-10
1512,79,2020-07-18
1513,79,2017-09-30
1514,79,2019-08-21
1515,79,2020-09-10
1516,79,2019-03-04
1517,79,2020-06-09
1518,79,2020-06-04
1519,79,2020-09-20
1520,79,2020-07-11
1521,79,2019-11-10
1522,79,2020-07-18
1523,80,2018-12-09
1524,80,2019-03-07
1525,80,2019-05-14
1526,80,2019-07-13
1527,80,2019-07-12
1528,80,2018-09-11
1529,80,2017-10-28
1530,80,2019-10-11
1531,80,2018-12-20
1532,80,2019-08-22
1533,80,2018-12-09
1534,80,2019-03-07
1535,80,2019-05-14
1536,80,2019-07-13
1537,80,2019-07-12
1538,80,2018-09-11
1539,80,2017-10-28
1540,80,2019-10-11
1541,80,2018-12-20
1542,80,2019-08-22
1543,81,2019-05-31
1544,81,2018-06-12
1545,81,2020-07-06
1546,81,2020-01-27
1547,81,2020-06-24
1548,81,2019-07-17
1549,81,2020-09-09
1550,81,2019-04-28
1551,81,2020-09-01
1552,81,2020-08-09
1553,81,2019-05-31
1554,81,2018-06-12
1555,81,2020-07-06
1556,81,2020-01-27
1557,81,2020-06-24
1558,81,2019-07-17
1559,81,2020-09-09
1560,81,2019-04-28
1561,81,2020-09-01
1562,81,2020-08-09
1563,82,2018-01-18
1564,82,2020-06-06
1565,82,2019-03-27
1566,82,2020-08-06
1567,82,2020-09-16
1568,82,2019-07-20
1569,82,2018-01-18
1570,82,2020-06-06
1571,82,2019-03-27
1572,82,2020-08-06
1573,82,2020-09-16
1574,82,2019-07-20
1575,83,2020-09-24
1576,83,2020-03-05
1577,83,2020-03-09
1578,83,2019-11-04
1579,83,2019-03-31
1580,83,2019-04-21
1581,83,2019-06-27
1582,83,2019-01-03
1583,83,2018-11-19
1584,83,2019-07-03
1585,83,2020-09-24
1586,83,2020-03-05
1587,83,2020-03-09
1588,83,2019-11-04
1589,83,2019-03-31
1590,83,2019-04-21
1591,83,2019-06-27
1592,83,2019-01-03
1593,83,2018-11-19
1594,83,2019-07-03
1595,84,2019-11-13
1596,84,2019-08-11
1597,84,2019-09-28
1598,84,2020-06-15
1599,84,2019-11-04
1600,84,2018-10-05
1601,84,2018-03-09
1602,84,2018-09-03
1603,84,2019-07-23
1604,84,2019-07-16
1605,84,2019-11-13
1606,84,2019-08-11
1607,84,2019-09-28
1608,84,2020-06-15
1609,84,2019-11-04
1610,84,2018-10-05
1611,84,2018-03-09
1612,84,2018-09-03
1613,84,2019-07-23
1614,84,2019-07-16
1615,85,2019-03-22
1616,85,2019-11-13
1617,85,2019-07-07
1618,85,2018-06-05
1619,85,2019-06-04
1620,85,2019-07-12
1621,85,2019-04-12
1622,85,2018-10-16
1623,85,2018-01-15
1624,85,2020-07-24
1625,85,2019-03-22
1626,85,2019-11-13
1627,85,2019-07-07
1628,85,2018-06-05
1629,85,2019-06-04
1630,85,2019-07-12
1631,85,2019-04-12
1632,85,2018-10-16
1633,85,2018-01-15
1634,85,2020-07-24
1635,86,2018-11-05
1636,86,2018-09-30
1637,86,2018-08-09
1638,86,2019-11-03
1639,86,2019-02-11
1640,86,2018-11-09
1641,86,2018-01-26
1642,86,2018-10-15
1643,86,2019-03-25
1644,86,2017-10-17
1645,86,2018-11-05
1646,86,2018-09-30
1647,86,2018-08-09
1648,86,2019-11-03
1649,86,2019-02-11
1650,86,2018-11-09
1651,86,2018-01-26
1652,86,2018-10-15
1653,86,2019-03-25
1654,86,2017-10-17
1655,87,2020-08-30
1656,87,2020-09-18
1657,87,2020-09-02
1658,87,2020-08-06
1659,87,2020-09-27
1660,87,2020-08-30
1661,87,2020-06-12
1662,87,2020-10-05
1663,87,2020-09-21
1664,87,2020-08-30
1665,87,2020-09-18
1666,87,2020-09-02
1667,87,2020-08-06
1668,87,2020-09-27
1669,87,2020-08-30
1670,87,2020-06-12
1671,87,2020-10-05
1672,87,2020-09-21
1673,88,2019-08-17
1674,88,2019-06-27
1675,88,2020-09-16
1676,88,2020-07-05
1677,88,2020-10-01
1678,88,2020-07-06
1679,88,2020-05-27
1680,88,2020-10-04
1681,88,2020-05-19
1682,88,2020-08-06
1683,88,2019-08-17
1684,88,2019-06-27
1685,88,2020-09-16
1686,88,2020-07-05
1687,88,2020-10-01
1688,88,2020-07-06
1689,88,2020-05-27
1690,88,2020-10-04
1691,88,2020-05-19
1692,88,2020-08-06
1693,89,2018-11-10
1694,89,2018-09-05
1695,89,2019-01-09
1696,89,2019-12-28
1697,89,2019-05-28
1698,89,2019-05-24
1699,89,2018-07-07
1700,89,2019-08-30
1701,89,2019-02-19
1702,89,2019-01-03
1703,89,2018-11-10
1704,89,2018-09-05
1705,89,2019-01-09
1706,89,2019-12-28
1707,89,2019-05-28
1708,89,2019-05-24
1709,89,2018-07-07
1710,89,2019-08-30
1711,89,2019-02-19
1712,89,2019-01-03
1713,90,2018-11-10
1714,90,2018-09-05
1715,90,2019-01-09
1716,90,2019-12-28
1717,90,2019-05-28
1718,90,2019-05-24
1719,90,2018-07-07
1720,90,2019-08-30
1721,90,2019-02-19
1722,90,2019-01-03
1723,90,2018-11-10
1724,90,2018-09-05
1725,90,2019-01-09
1726,90,2019-12-28
1727,90,2019-05-28
1728,90,2019-05-24
1729,90,2018-07-07
1730,90,2019-08-30
1731,90,2019-02-19
1732,90,2019-01-03
1733,91,2018-12-17
1734,91,2019-07-19
1735,91,2019-02-12
1736,91,2019-09-19
1737,91,2019-10-07
1738,91,2020-07-27
1739,91,2019-08-04
1740,91,2019-08-02
1741,91,2020-07-23
1742,91,2020-09-19
1743,91,2018-12-17
1744,91,2019-07-19
1745,91,2019-02-12
1746,91,2019-09-19
1747,91,2019-10-07
1748,91,2020-07-27
1749,91,2019-08-04
1750,91,2019-08-02
1751,91,2020-07-23
1752,91,2020-09-19
1753,92,2020-08-21
1754,92,2020-06-11
1755,92,2020-07-16
1756,92,2020-02-24
1757,92,2020-09-01
1758,92,2020-09-23
1759,92,2020-07-10
1760,92,2020-09-26
1761,92,2020-09-09
1762,92,2020-08-13
1763,92,2020-08-21
1764,92,2020-06-11
1765,92,2020-07-16
1766,92,2020-02-24
1767,92,2020-09-01
1768,92,2020-09-23
1769,92,2020-07-10
1770,92,2020-09-26
1771,92,2020-09-09
1772,92,2020-08-13
1773,93,2019-04-14
1774,93,2017-05-12
1775,93,2020-07-30
1776,93,2019-03-11
1777,93,2019-11-13
1778,93,2018-10-17
1779,93,2017-11-12
1780,93,2018-10-07
1781,93,2019-11-07
1782,93,2018-07-11
1783,93,2019-04-14
1784,93,2017-05-12
1785,93,2020-07-30
1786,93,2019-03-11
1787,93,2019-11-13
1788,93,2018-10-17
1789,93,2017-11-12
1790,93,2018-10-07
1791,93,2019-11-07
1792,93,2018-07-11
1793,94,2020-08-16
1794,94,2020-06-10
1795,94,2020-09-06
1796,94,2020-08-25
1797,94,2020-06-26
1798,94,2020-08-16
1799,94,2020-06-10
1800,94,2020-09-06
1801,94,2020-08-25
1802,94,2020-06-26
1803,95,2018-12-17
1804,95,2019-08-22
1805,95,2015-04-28
1806,95,2018-07-13
1807,95,2020-01-30
1808,95,2018-08-12
1809,95,2018-08-28
1810,95,2019-08-17
1811,95,2017-09-29
1812,95,2020-03-07
1813,95,2018-12-17
1814,95,2019-08-22
1815,95,2015-04-28
1816,95,2018-07-13
1817,95,2020-01-30
1818,95,2018-08-12
1819,95,2018-08-28
1820,95,2019-08-17
1821,95,2017-09-29
1822,95,2020-03-07
1823,96,2018-05-21
1824,96,2017-05-22
1825,96,2018-04-15
1826,96,2016-05-12
1827,96,2018-09-07
1828,96,2017-02-20
1829,96,2018-11-05
1830,96,2018-11-18
1831,96,2018-12-28
1832,96,2017-07-16
1833,96,2018-05-21
1834,96,2017-05-22
1835,96,2018-04-15
1836,96,2016-05-12
1837,96,2018-09-07
1838,96,2017-02-20
1839,96,2018-11-05
1840,96,2018-11-18
1841,96,2018-12-28
1842,96,2017-07-16
1843,97,2018-09-10
1844,97,2018-07-30
1845,97,2018-07-21
1846,97,2017-04-30
1847,97,2018-12-03
1848,97,2018-08-07
1849,97,2019-01-25
1850,97,2019-10-22
1851,97,2018-07-23
1852,97,2018-10-05
1853,97,2018-09-10
1854,97,2018-07-30
1855,97,2018-07-21
1856,97,2017-04-30
1857,97,2018-12-03
1858,97,2018-08-07
1859,97,2019-01-25
1860,97,2019-10-22
1861,97,2018-07-23
1862,97,2018-10-05
1863,98,2018-09-10
1864,98,2018-07-30
1865,98,2018-07-21
1866,98,2017-04-30
1867,98,2018-12-03
1868,98,2018-08-07
1869,98,2019-01-25
1870,98,2019-10-22
1871,98,2018-07-23
1872,98,2018-10-05
1873,98,2018-09-10
1874,98,2018-07-30
1875,98,2018-07-21
1876,98,2017-04-30
1877,98,2018-12-03
1878,98,2018-08-07
1879,98,2019-01-25
1880,98,2019-10-22
1881,98,2018-07-23
1882,98,2018-10-05
1883,99,2019-02-28
1884,99,2018-07-28
1885,99,2018-03-08
1886,99,2018-11-24
1887,99,2018-04-17
1888,99,2018-08-06
1889,99,2019-03-12
1890,99,2018-12-05
1891,99,2018-06-13
1892,99,2018-06-09
1893,99,2019-02-28
1894,99,2018-07-28
1895,99,2018-03-08
1896,99,2018-11-24
1897,99,2018-04-17
1898,99,2018-08-06
1899,99,2019-03-12
1900,99,2018-12-05
1901,99,2018-06-13
1902,99,2018-06-09
1903,100,2019-02-28
1904,100,2018-07-28
1905,100,2018-03-08
1906,100,2018-11-24
1907,100,2018-04-17
1908,100,2018-08-06
1909,100,2019-03-12
1910,100,2018-12-05
1911,100,2018-06-13
1912,100,2018-06-09
1913,100,2019-02-28
1914,100,2018-07-28
1915,100,2018-03-08
1916,100,2018-11-24
1917,100,2018-04-17
1918,100,2018-08-06
1919,100,2019-03-12
1920,100,2018-12-05
1921,100,2018-06-13
1922,100,2018-06-09
1923,101,2018-05-08
1924,101,2018-03-19
1925,101,2019-01-07
1926,101,2018-05-23
1927,101,2019-02-28
1928,101,2017-07-10
1929,101,2020-06-13
1930,101,2018-02-03
1931,101,2017-09-11
1932,101,2016-11-04
1933,101,2018-05-08
1934,101,2018-03-19
1935,101,2019-01-07
1936,101,2018-05-23
1937,101,2019-02-28
1938,101,2017-07-10
1939,101,2020-06-13
1940,101,2018-02-03
1941,101,2017-09-11
1942,101,2016-11-04
1943,102,2018-05-08
1944,102,2018-03-19
1945,102,2019-01-07
1946,102,2018-05-23
1947,102,2019-02-28
1948,102,2017-07-10
1949,102,2020-06-13
1950,102,2018-02-03
1951,102,2017-09-11
1952,102,2016-11-04
1953,102,2018-05-08
1954,102,2018-03-19
1955,102,2019-01-07
1956,102,2018-05-23
1957,102,2019-02-28
1958,102,2017-07-10
1959,102,2020-06-13
1960,102,2018-02-03
1961,102,2017-09-11
1962,102,2016-11-04
1963,103,2020-03-13
1964,103,2018-10-24
1965,103,2019-02-25
1966,103,2019-04-25
1967,103,2019-10-05
1968,103,2019-12-15
1969,103,2020-05-19
1970,103,2019-10-05
1971,103,2018-12-26
1972,103,2018-11-21
1973,103,2020-03-13
1974,103,2018-10-24
1975,103,2019-02-25
1976,103,2019-04-25
1977,103,2019-10-05
1978,103,2019-12-15
1979,103,2020-05-19
1980,103,2019-10-05
1981,103,2018-12-26
1982,103,2018-11-21
1983,104,2019-02-27
1984,104,2018-09-28
1985,104,2018-05-19
1986,104,2019-04-10
1987,104,2019-08-31
1988,104,2018-11-03
1989,104,2019-02-02
1990,104,2019-06-13
1991,104,2019-03-19
1992,104,2019-04-10
1993,104,2019-02-27
1994,104,2018-09-28
1995,104,2018-05-19
1996,104,2019-04-10
1997,104,2019-08-31
1998,104,2018-11-03
1999,104,2019-02-02
2000,104,2019-06-13
2001,104,2019-03-19
2002,104,2019-04-10
2003,105,2018-07-17
2004,105,2018-10-25
2005,105,2019-06-14
2006,105,2019-01-24
2007,105,2018-12-14
2008,105,2018-03-09
2009,105,2019-02-24
2010,105,2018-11-13
2011,105,2019-04-07
2012,105,2019-04-26
2013,105,2018-07-17
2014,105,2018-10-25
2015,105,2019-06-14
2016,105,2019-01-24
2017,105,2018-12-14
2018,105,2018-03-09
2019,105,2019-02-24
2020,105,2018-11-13
2021,105,2019-04-07
2022,105,2019-04-26
2023,106,2017-03-06
2024,106,2020-06-22
2025,106,2016-01-13
2026,106,2020-09-21
2027,106,2020-09-11
2028,106,2020-06-12
2029,106,2020-07-26
2030,106,2017-08-03
2031,106,2020-08-02
2032,106,2016-04-03
2033,106,2017-03-06
2034,106,2020-06-22
2035,106,2016-01-13
2036,106,2020-09-21
2037,106,2020-09-11
2038,106,2020-06-12
2039,106,2020-07-26
2040,106,2017-08-03
2041,106,2020-08-02
2042,106,2016-04-03
2043,107,2020-02-21
2044,107,2019-05-20
2045,107,2018-07-26
2046,107,2020-07-17
2047,107,2019-11-13
2048,107,2019-10-11
2049,107,2018-12-17
2050,107,2020-02-02
2051,107,2020-01-03
2052,107,2020-03-03
2053,107,2020-02-21
2054,107,2019-05-20
2055,107,2018-07-26
2056,107,2020-07-17
2057,107,2019-11-13
2058,107,2019-10-11
2059,107,2018-12-17
2060,107,2020-02-02
2061,107,2020-01-03
2062,107,2020-03-03
2063,108,2019-01-31
2064,108,2018-09-29
2065,108,2017-09-12
2066,108,2018-11-23
2067,108,2018-07-15
2068,108,2017-10-13
2069,108,2019-01-04
2070,108,2020-07-16
2071,108,2017-03-29
2072,108,2019-02-15
2073,108,2019-01-31
2074,108,2018-09-29
2075,108,2017-09-12
2076,108,2018-11-23
2077,108,2018-07-15
2078,108,2017-10-13
2079,108,2019-01-04
2080,108,2020-07-16
2081,108,2017-03-29
2082,108,2019-02-15
2083,109,2019-01-31
2084,109,2018-09-29
2085,109,2017-09-12
2086,109,2018-11-23
2087,109,2018-07-15
2088,109,2017-10-13
2089,109,2019-01-04
2090,109,2020-07-16
2091,109,2017-03-29
2092,109,2019-02-15
2093,109,2019-01-31
2094,109,2018-09-29
2095,109,2017-09-12
2096,109,2018-11-23
2097,109,2018-07-15
2098,109,2017-10-13
2099,109,2019-01-04
2100,109,2020-07-16
2101,109,2017-03-29
2102,109,2019-02-15
2103,110,2018-11-29
2104,110,2018-12-24
2105,110,2020-06-10
2106,110,2020-06-28
2107,110,2018-08-30
2108,110,2020-06-30
2109,110,2018-06-18
2110,110,2020-06-05
2111,110,2020-07-03
2112,110,2020-08-07
2113,110,2018-11-29
2114,110,2018-12-24
2115,110,2020-06-10
2116,110,2020-06-28
2117,110,2018-08-30
2118,110,2020-06-30
2119,110,2018-06-18
2120,110,2020-06-05
2121,110,2020-07-03
2122,110,2020-08-07
2123,111,2020-09-07
2124,111,2020-09-02
2125,111,2020-04-23
2126,111,2020-06-02
2127,111,2020-09-21
2128,111,2020-06-13
2129,111,2020-09-07
2130,111,2020-09-02
2131,111,2020-04-23
2132,111,2020-06-02
2133,111,2020-09-21
2134,111,2020-06-13
2135,112,2019-02-27
2136,112,2018-12-13
2137,112,2018-12-08
2138,112,2020-01-16
2139,112,2019-10-10
2140,112,2020-05-11
2141,112,2019-03-24
2142,112,2019-07-16
2143,112,2018-08-23
2144,112,2018-09-01
2145,112,2019-02-27
2146,112,2018-12-13
2147,112,2018-12-08
2148,112,2020-01-16
2149,112,2019-10-10
2150,112,2020-05-11
2151,112,2019-03-24
2152,112,2019-07-16
2153,112,2018-08-23
2154,112,2018-09-01
2155,113,2020-09-12
2156,113,2020-08-23
2157,113,2020-07-19
2158,113,2020-09-17
2159,113,2020-06-20
2160,113,2020-09-12
2161,113,2020-08-23
2162,113,2020-07-19
2163,113,2020-09-17
2164,113,2020-06-20
2165,114,2019-06-28
2166,114,2020-09-13
2167,114,2020-09-07
2168,114,2018-01-02
2169,114,2019-03-14
2170,114,2019-09-27
2171,114,2019-09-25
2172,114,2019-06-03
2173,114,2019-02-09
2174,114,2019-01-21
2175,114,2019-06-28
2176,114,2020-09-13
2177,114,2020-09-07
2178,114,2018-01-02
2179,114,2019-03-14
2180,114,2019-09-27
2181,114,2019-09-25
2182,114,2019-06-03
2183,114,2019-02-09
2184,114,2019-01-21
2185,115,2020-05-22
2186,115,2020-10-06
2187,115,2020-07-08
2188,115,2020-06-15
2189,115,2020-07-29
2190,115,2020-08-27
2191,115,2020-08-07
2192,115,2017-07-02
2193,115,2017-11-19
2194,115,2019-08-04
2195,115,2020-05-22
2196,115,2020-10-06
2197,115,2020-07-08
2198,115,2020-06-15
2199,115,2020-07-29
2200,115,2020-08-27
2201,115,2020-08-07
2202,115,2017-07-02
2203,115,2017-11-19
2204,115,2019-08-04
2205,116,2018-10-28
2206,116,2017-01-24
2207,116,2016-09-02
2208,116,2019-06-24
2209,116,2018-10-20
2210,116,2017-09-06
2211,116,2019-06-23
2212,116,2018-07-16
2213,116,2018-06-16
2214,116,2020-06-22
2215,116,2018-10-28
2216,116,2017-01-24
2217,116,2016-09-02
2218,116,2019-06-24
2219,116,2018-10-20
2220,116,2017-09-06
2221,116,2019-06-23
2222,116,2018-07-16
2223,116,2018-06-16
2224,116,2020-06-22
2225,117,2018-10-28
2226,117,2017-01-24
2227,117,2016-09-02
2228,117,2019-06-24
2229,117,2018-10-20
2230,117,2017-09-06
2231,117,2019-06-23
2232,117,2018-07-16
2233,117,2018-06-16
2234,117,2020-06-22
2235,117,2018-10-28
2236,117,2017-01-24
2237,117,2016-09-02
2238,117,2019-06-24
2239,117,2018-10-20
2240,117,2017-09-06
2241,117,2019-06-23
2242,117,2018-07-16
2243,117,2018-06-16
2244,117,2020-06-22
2245,118,2018-08-07
2246,118,2018-09-09
2247,118,2018-04-27
2248,118,2019-08-13
2249,118,2018-03-03
2250,118,2019-04-19
2251,118,2020-08-13
2252,118,2017-09-18
2253,118,2018-11-27
2254,118,2019-03-17
2255,118,2018-08-07
2256,118,2018-09-09
2257,118,2018-04-27
2258,118,2019-08-13
2259,118,2018-03-03
2260,118,2019-04-19
2261,118,2020-08-13
2262,118,2017-09-18
2263,118,2018-11-27
2264,118,2019-03-17
2265,119,2018-04-10
2266,119,2019-07-04
2267,119,2019-01-15
2268,119,2019-07-21
2269,119,2020-03-02
2270,119,2020-09-21
2271,119,2019-07-14
2272,119,2020-07-16
2273,119,2018-04-08
2274,119,2020-01-11
2275,119,2018-04-10
2276,119,2019-07-04
2277,119,2019-01-15
2278,119,2019-07-21
2279,119,2020-03-02
2280,119,2020-09-21
2281,119,2019-07-14
2282,119,2020-07-16
2283,119,2018-04-08
2284,119,2020-01-11
2285,120,2018-04-10
2286,120,2019-07-04
2287,120,2019-01-15
2288,120,2019-07-21
2289,120,2020-03-02
2290,120,2020-09-21
2291,120,2019-07-14
2292,120,2020-07-16
2293,120,2018-04-08
2294,120,2020-01-11
2295,120,2018-04-10
2296,120,2019-07-04
2297,120,2019-01-15
2298,120,2019-07-21
2299,120,2020-03-02
2300,120,2020-09-21
2301,120,2019-07-14
2302,120,2020-07-16
2303,120,2018-04-08
2304,120,2020-01-11
2305,121,2017-07-09
2306,121,2017-08-10
2307,121,2019-08-29
2308,121,2017-08-01
2309,121,2019-04-19
2310,121,2019-03-03
2311,121,2019-08-05
2312,121,2019-06-06
2313,121,2018-12-21
2314,121,2018-01-26
2315,121,2017-07-09
2316,121,2017-08-10
2317,121,2019-08-29
2318,121,2017-08-01
2319,121,2019-04-19
2320,121,2019-03-03
2321,121,2019-08-05
2322,121,2019-06-06
2323,121,2018-12-21
2324,121,2018-01-26
2325,122,2020-07-13
2326,122,2020-07-22
2327,122,2020-07-26
2328,122,2020-08-04
2329,122,2020-08-26
2330,122,2020-07-26
2331,122,2020-08-12
2332,122,2020-09-11
2333,122,2020-08-09
2334,122,2020-09-22
2335,122,2020-07-13
2336,122,2020-07-22
2337,122,2020-07-26
2338,122,2020-08-04
2339,122,2020-08-26
2340,122,2020-07-26
2341,122,2020-08-12
2342,122,2020-09-11
2343,122,2020-08-09
2344,122,2020-09-22
2345,123,2020-10-04
2346,123,2020-10-04
2347,124,2020-05-10
2348,124,2018-08-09
2349,124,2020-02-28
2350,124,2020-08-03
2351,124,2020-09-26
2352,124,2016-11-17
2353,124,2017-10-16
2354,124,2019-08-26
2355,124,2018-07-29
2356,124,2016-10-13
2357,124,2020-05-10
2358,124,2018-08-09
2359,124,2020-02-28
2360,124,2020-08-03
2361,124,2020-09-26
2362,124,2016-11-17
2363,124,2017-10-16
2364,124,2019-08-26
2365,124,2018-07-29
2366,124,2016-10-13
2367,125,2018-06-30
2368,125,2018-06-18
2369,125,2018-01-08
2370,125,2019-12-14
2371,125,2018-03-03
2372,125,2019-10-09
2373,125,2020-09-04
2374,125,2019-11-13
2375,125,2019-02-17
2376,125,2019-07-16
2377,125,2018-06-30
2378,125,2018-06-18
2379,125,2018-01-08
2380,125,2019-12-14
2381,125,2018-03-03
2382,125,2019-10-09
2383,125,2020-09-04
2384,125,2019-11-13
2385,125,2019-02-17
2386,125,2019-07-16
2387,126,2018-12-09
2388,126,2018-11-26
2389,126,2017-10-27
2390,126,2018-11-24
2391,126,2019-09-24
2392,126,2019-08-07
2393,126,2019-08-06
2394,126,2019-11-19
2395,126,2016-12-24
2396,126,2018-11-30
2397,126,2018-12-09
2398,126,2018-11-26
2399,126,2017-10-27
2400,126,2018-11-24
2401,126,2019-09-24
2402,126,2019-08-07
2403,126,2019-08-06
2404,126,2019-11-19
2405,126,2016-12-24
2406,126,2018-11-30
2407,127,2018-02-14
2408,127,2018-09-12
2409,127,2018-06-09
2410,127,2019-02-13
2411,127,2018-10-31
2412,127,2019-02-23
2413,127,2017-10-03
2414,127,2018-02-28
2415,127,2019-08-12
2416,127,2019-01-01
2417,127,2018-02-14
2418,127,2018-09-12
2419,127,2018-06-09
2420,127,2019-02-13
2421,127,2018-10-31
2422,127,2019-02-23
2423,127,2017-10-03
2424,127,2018-02-28
2425,127,2019-08-12
2426,127,2019-01-01
2427,128,2018-03-18
2428,128,2018-02-21
2429,128,2017-11-11
2430,128,2019-05-07
2431,128,2019-03-25
2432,128,2019-06-05
2433,128,2018-05-02
2434,128,2018-10-12
2435,128,2018-10-08
2436,128,2019-04-14
2437,128,2018-03-18
2438,128,2018-02-21
2439,128,2017-11-11
2440,128,2019-05-07
2441,128,2019-03-25
2442,128,2019-06-05
2443,128,2018-05-02
2444,128,2018-10-12
2445,128,2018-10-08
2446,128,2019-04-14
2447,129,2018-03-18
2448,129,2018-02-21
2449,129,2017-11-11
2450,129,2019-05-07
2451,129,2019-03-25
2452,129,2019-06-05
2453,129,2018-05-02
2454,129,2018-10-12
2455,129,2018-10-08
2456,129,2019-04-14
2457,129,2018-03-18
2458,129,2018-02-21
2459,129,2017-11-11
2460,129,2019-05-07
2461,129,2019-03-25
2462,129,2019-06-05
2463,129,2018-05-02
2464,129,2018-10-12
2465,129,2018-10-08
2466,129,2019-04-14
2467,130,2020-01-03
2468,130,2020-01-04
2469,130,2020-01-03
2470,130,2020-01-28
2471,130,2020-02-27
2472,130,2020-08-11
2473,130,2020-03-09
2474,130,2020-09-14
2475,130,2020-09-20
2476,130,2020-06-22
2477,130,2020-01-03
2478,130,2020-01-04
2479,130,2020-01-03
2480,130,2020-01-28
2481,130,2020-02-27
2482,130,2020-08-11
2483,130,2020-03-09
2484,130,2020-09-14
2485,130,2020-09-20
2486,130,2020-06-22
2487,131,2018-08-13
2488,131,2017-04-21
2489,131,2017-11-27
2490,131,2017-04-05
2491,131,2017-04-26
2492,131,2018-11-26
2493,131,2017-02-13
2494,131,2015-04-12
2495,131,2017-06-20
2496,131,2016-06-07
2497,131,2018-08-13
2498,131,2017-04-21
2499,131,2017-11-27
2500,131,2017-04-05
2501,131,2017-04-26
2502,131,2018-11-26
2503,131,2017-02-13
2504,131,2015-04-12
2505,131,2017-06-20
2506,131,2016-06-07
2507,132,2018-08-12
2508,132,2017-12-12
2509,132,2019-05-13
2510,132,2018-03-10
2511,132,2018-06-05
2512,132,2018-10-19
2513,132,2016-02-17
2514,132,2018-07-24
2515,132,2018-08-22
2516,132,2018-06-27
2517,132,2018-08-12
2518,132,2017-12-12
2519,132,2019-05-13
2520,132,2018-03-10
2521,132,2018-06-05
2522,132,2018-10-19
2523,132,2016-02-17
2524,132,2018-07-24
2525,132,2018-08-22
2526,132,2018-06-27
2527,133,2018-11-02
2528,133,2017-08-09
2529,133,2017-09-24
2530,133,2019-05-09
2531,133,2019-08-11
2532,133,2019-06-15
2533,133,2018-09-25
2534,133,2018-10-13
2535,133,2019-06-12
2536,133,2018-01-03
2537,133,2018-11-02
2538,133,2017-08-09
2539,133,2017-09-24
2540,133,2019-05-09
2541,133,2019-08-11
2542,133,2019-06-15
2543,133,2018-09-25
2544,133,2018-10-13
2545,133,2019-06-12
2546,133,2018-01-03
2547,134,2019-06-05
2548,134,2019-10-28
2549,134,2019-01-13
2550,134,2019-08-22
2551,134,2020-07-01
2552,134,2019-12-08
2553,134,2019-08-30
2554,134,2020-08-26
2555,134,2020-09-16
2556,134,2020-03-19
2557,134,2019-06-05
2558,134,2019-10-28
2559,134,2019-01-13
2560,134,2019-08-22
2561,134,2020-07-01
2562,134,2019-12-08
2563,134,2019-08-30
2564,134,2020-08-26
2565,134,2020-09-16
2566,134,2020-03-19
2567,135,2020-02-21
2568,135,2020-07-06
2569,135,2020-06-12
2570,135,2020-08-26
2571,135,2020-07-24
2572,135,2020-07-24
2573,135,2020-08-14
2574,135,2020-08-15
2575,135,2020-07-12
2576,135,2020-07-11
2577,135,2020-02-21
2578,135,2020-07-06
2579,135,2020-06-12
2580,135,2020-08-26
2581,135,2020-07-24
2582,135,2020-07-24
2583,135,2020-08-14
2584,135,2020-08-15
2585,135,2020-07-12
2586,135,2020-07-11
2587,136,2018-09-06
2588,136,2018-12-18
2589,136,2019-08-15
2590,136,2018-11-05
2591,136,2018-10-01
2592,136,2019-01-21
2593,136,2019-12-30
2594,136,2020-08-06
2595,136,2019-12-08
2596,136,2019-08-21
2597,136,2018-09-06
2598,136,2018-12-18
2599,136,2019-08-15
2600,136,2018-11-05
2601,136,2018-10-01
2602,136,2019-01-21
2603,136,2019-12-30
2604,136,2020-08-06
2605,136,2019-12-08
2606,136,2019-08-21
2607,137,2018-09-06
2608,137,2018-12-18
2609,137,2019-08-15
2610,137,2018-11-05
2611,137,2018-10-01
2612,137,2019-01-21
2613,137,2019-12-30
2614,137,2020-08-06
2615,137,2019-12-08
2616,137,2019-08-21
2617,137,2018-09-06
2618,137,2018-12-18
2619,137,2019-08-15
2620,137,2018-11-05
2621,137,2018-10-01
2622,137,2019-01-21
2623,137,2019-12-30
2624,137,2020-08-06
2625,137,2019-12-08
2626,137,2019-08-21
2627,138,2020-05-17
2628,138,2020-04-18
2629,138,2020-09-01
2630,138,2020-03-01
2631,138,2020-03-01
2632,138,2020-05-22
2633,138,2020-06-20
2634,138,2020-09-03
2635,138,2020-09-24
2636,138,2020-08-15
2637,138,2020-05-17
2638,138,2020-04-18
2639,138,2020-09-01
2640,138,2020-03-01
2641,138,2020-03-01
2642,138,2020-05-22
2643,138,2020-06-20
2644,138,2020-09-03
2645,138,2020-09-24
2646,138,2020-08-15
2647,139,2019-07-14
2648,139,2020-06-01
2649,139,2020-08-05
2650,139,2019-05-09
2651,139,2020-03-05
2652,139,2020-03-20
2653,139,2019-06-02
2654,139,2019-08-17
2655,139,2020-07-24
2656,139,2019-08-04
2657,139,2019-07-14
2658,139,2020-06-01
2659,139,2020-08-05
2660,139,2019-05-09
2661,139,2020-03-05
2662,139,2020-03-20
2663,139,2019-06-02
2664,139,2019-08-17
2665,139,2020-07-24
2666,139,2019-08-04
2667,140,2020-07-04
2668,140,2019-04-05
2669,140,2019-11-02
2670,140,2019-07-29
2671,140,2020-08-18
2672,140,2019-10-17
2673,140,2019-10-08
2674,140,2019-06-01
2675,140,2020-02-26
2676,140,2019-05-31
2677,140,2020-07-04
2678,140,2019-04-05
2679,140,2019-11-02
2680,140,2019-07-29
2681,140,2020-08-18
2682,140,2019-10-17
2683,140,2019-10-08
2684,140,2019-06-01
2685,140,2020-02-26
2686,140,2019-05-31
2687,141,2018-11-05
2688,141,2019-01-03
2689,141,2018-03-13
2690,141,2019-10-03
2691,141,2018-11-07
2692,141,2018-12-01
2693,141,2019-11-04
2694,141,2020-01-05
2695,141,2019-07-28
2696,141,2019-09-23
2697,141,2018-11-05
2698,141,2019-01-03
2699,141,2018-03-13
2700,141,2019-10-03
2701,141,2018-11-07
2702,141,2018-12-01
2703,141,2019-11-04
2704,141,2020-01-05
2705,141,2019-07-28
2706,141,2019-09-23
2707,142,2018-11-05
2708,142,2019-01-03
2709,142,2018-03-13
2710,142,2019-10-03
2711,142,2018-11-07
2712,142,2018-12-01
2713,142,2019-11-04
2714,142,2020-01-05
2715,142,2019-07-28
2716,142,2019-09-23
2717,142,2018-11-05
2718,142,2019-01-03
2719,142,2018-03-13
2720,142,2019-10-03
2721,142,2018-11-07
2722,142,2018-12-01
2723,142,2019-11-04
2724,142,2020-01-05
2725,142,2019-07-28
2726,142,2019-09-23
2727,143,2018-05-23
2728,143,2018-10-14
2729,143,2018-11-06
2730,143,2020-08-25
2731,143,2018-09-25
2732,143,2020-03-17
2733,143,2020-09-27
2734,143,2020-03-08
2735,143,2020-07-29
2736,143,2019-10-24
2737,143,2018-05-23
2738,143,2018-10-14
2739,143,2018-11-06
2740,143,2020-08-25
2741,143,2018-09-25
2742,143,2020-03-17
2743,143,2020-09-27
2744,143,2020-03-08
2745,143,2020-07-29
2746,143,2019-10-24
2747,144,2020-02-06
2748,144,2020-03-22
2749,144,2020-08-11
2750,144,2017-12-24
2751,144,2020-06-12
2752,144,2018-12-17
2753,144,2020-03-17
2754,144,2018-08-20
2755,144,2019-01-10
2756,144,2020-01-21
2757,144,2020-02-06
2758,144,2020-03-22
2759,144,2020-08-11
2760,144,2017-12-24
2761,144,2020-06-12
2762,144,2018-12-17
2763,144,2020-03-17
2764,144,2018-08-20
2765,144,2019-01-10
2766,144,2020-01-21
2767,145,2020-08-21
2768,145,2019-08-23
2769,145,2019-05-09
2770,145,2020-03-01
2771,145,2019-10-24
2772,145,2020-10-03
2773,145,2019-06-21
2774,145,2020-07-03
2775,145,2020-08-21
2776,145,2019-08-23
2777,145,2019-05-09
2778,145,2020-03-01
2779,145,2019-10-24
2780,145,2020-10-03
2781,145,2019-06-21
2782,145,2020-07-03
